metric,value
Total Sales,7689116.557599999
Gross Sales,8578988.879999999
Discount Amount,889872.3224000002
Total Orders,1615.0
Total Customers,1445.0
Average Order Value,4761.062883962848
Units Sold,7078.0
Late Shipments,458.0
Low Stock Rows,190.0
Inventory Value,19819582.650000002
