staff_id,staff_name,total_sales,total_orders,units_sold,average_order_value
6,Marcelene Boyer,2624120.653,553,2419,4745.245303797468
7,Venita Daniel,2591630.6245,540,2360,4799.315971296296
3,Genna Serrano,853287.3589,184,831,4637.431298369565
2,Mireya Copeland,752535.6775999999,164,685,4588.632180487804
8,Kali Vargas,463918.3046,88,412,5271.79891590909
9,Layla Terrell,403623.939,86,371,4693.30161627907
